1,برخیز بتا بیا ز بهر دل ما,حل کن به جمال خویشتن مشکل ما,یک کوزه شراب تا به هم نوش کنیم,زآن پیش که کوزه ها کنند از گل ما
2,چون عهده نمی شود کسی فردا را,حالی خوش دار این دل پرسودا را,می نوش به ماهتاب ای ماه که ماه,بسیار بتابد و نیابد ما را
3,قرآن که مهین کلام خوانند آن را,گهگاه نه بر دوام خوانند آن را,بر گرد پیاله آیتی هست مقیم,کاندر همه جا مدام خوانند آن را
4,گر می نخوری طعنه مزن مستان را,بنیاد مکن تو حیله و دستان را,تو غره بدان مشو که می می نخوری,صد لقمه خوری که می غلام است آن را
5,هر چند که رنگ و بوی زیباست مرا,چون لاله رخ و چو سرو بالاست مرا,معلوم نشد که در طربخانه خاک,نقاش ازل بهر چه آراست مرا
6,ماییم و می و مطرب و این کنج خراب,جان و دل و جام و جامه پر درد شراب,فارغ ز امید رحمت و بیم عذاب,آزاد ز خاک و باد و از آتش و آب
7,آن قصر که جمشید در او جام گرفت,آهو بچه کرد و روبه آرام گرفت,بهرام که گور می گرفتی همه عمر,دیدی که چگونه گور بهرام گرفت
8,ابر آمد و باز بر سر سبزه گریست,بی باده گلرنگ نمی باید زیست,این سبزه که امروز تماشاگه ماست,تا سبزه خاک ما تماشاگه کیست
9,اکنون که گل سعادتت پربار است,دست تو ز جام می چرا بیکار است,می خور که زمانه دشمنی غدار است,دریافتن روز چنین دشوار است
10,امروز تو را دسترس فردا نیست,واندیشه فردات به جز سودا نیست,ضایع مکن این دم ار دلت شیدا نیست,کاین باقی عمر را بها پیدا نیست
11,ای آمده از عالم روحانی تفت,حیران شده در پنج و چهار و شش و هفت,می نوش ندانی ز کجا آمده ای,خوش باش ندانی به کجا خواهی رفت
12,ای چرخ فلک خرابی از کینه توست,بیدادگری شیوه دیرینه توست,ای خاک اگر سینه تو بشکافند,بس گوهر قیمتی که در سینه توست
13,ای دل چو زمانه می کند غمناکت,ناگه برود ز تن روان پاکت,بر سبزه نشین و خوش بزی روزی چند,زآن پیش که سبزه بر دمد از خاکت
14,این بحر وجود آمده بیرون ز نهفت,کس نیست که این گوهر تحقیق بسفت,هر کس سخنی از سر سودا گفتند,زآن روی که هست کس نمی داند گفت
15,این کوزه چو من عاشق زاری بوده ست,در بند سر زلف نگاری بوده ست,این دسته که بر گردن او می بینی,دستی ست که بر گردن یاری بوده ست
17,این کهنه رباط را که عالم نام است,وآرامگه ابلق صبح و شام است,بزمی ست که وامانده صد جمشید است,قصری ست که تکیه گاه صد بهرام است
18,این یک دو سه روز نوبت عمر گذشت,چون آب به جویبار و چون باد به دشت,هرگز غم دو روز مرا یاد نگشت,روزی که نیامده ست و روزی که گذشت
19,بر چهره گل نسیم نوروز خوش است,در صحن چمن روی دل افروز خوش است,از دی که گذشت هر چه گویی خوش نیست,خوش باش و ز دی مگو که امروز خوش است
20,پیش از من و تو لیل و نهاری بوده ست,گردنده فلک نیز بکاری بوده است,هرجا که قدم نهی تو بر روی زمین,آن مردمک چشم نگاری بوده ست
21,تا چند زنم به روی دریاها خشت,بیزار شدم ز بت پرستان کنشت,خیام  که گفت دوزخی خواهد بود,که رفت به دوزخ و که آمد ز بهشت
22,ترکیب پیاله ای که در هم پیوست,بشکستن آن روا نمی دارد مست,چندین سر و پای نازنین از سر و دست,از مهر که پیوست و به کین که شکست
23,ترکیب طبایع چو به کام تو دمی ست,رو شاد بزی اگرچه بر تو ستمی ست,با اهل خرد باش که اصل تن تو,گردی و نسیمی و غباری و دمی ست
24,چون ابر به نوروز رخ لاله بشست,برخیز و به جام باده کن عزم درست,کاین سبزه که امروز تماشاگه توست,فردا همه از خاک تو برخواهد رست
25,چون بلبل مست راه در بستان یافت,روی گل و جام باده را خندان یافت,آمد به زبان حال در گوشم گفت,دریاب که عمر رفته را نتوان یافت
26,چون چرخ به کام یک خردمند نگشت,خواهی تو فلک هفت شمر خواهی هشت,چون باید مرد و آرزوها همه هشت,چه مور خورد به گور و چه گرگ به دشت
27,چون لاله به نوروز قدح گیر به دست,با لاله رخی اگر تو را فرصت هست,می نوش به خرمی که این چرخ کهن,ناگاه تو را چو خاک گرداند پست
28,چون نیست حقیقت و یقین اندر دست,نتوان به امید شک همه عمر نشست,هان تا ننهیم جام می از کف دست,در بی خبری مرد چه هشیار و چه مست
29,چون نیست ز هرچه هست جز باد به دست,چون هست به هرچه هست نقصان و شکست,انگار که هرچه هست در عالم نیست,پندار که هرچه نیست در عالم هست
30,خاکی که به زیر پای هر نادانی ست,کف صنمی و چهره جانانی ست,هر خشت که بر کنگره ایوانی ست,انگشت وزیر یا سر سلطانی ست
31,دارنده چو ترکیب طبایع آراست,از بهر چه اوفکندش اندر کم و کاست,گر نیک آمد شکستن از بهر چه بود,ور نیک نیامد این صور عیب که راست
32,در پرده اسرار کسی را ره نیست,زین تعبیه جان هیچ کس آگه نیست,جز در دل خاک هیچ منزلگه نیست,می خور که چنین فسانه ها کوته نیست
33,در خواب بدم مرا خردمندی گفت,کز خواب کسی را گل شادی نشکفت,کاری چه کنی که با اجل باشد جفت,می خور که به زیر خاک می باید خفت
34,در دایره ای که آمد و رفتن ماست,او را نه بدایت نه نهایت پیداست,کس می نزند دمی در این معنی راست,کاین آمدن از کجا و رفتن به کجاست
35,در فصل بهار اگر بتی حور سرشت,یک ساغر می دهد مرا بر لب کشت,هر چند به نزد عامه این باشد زشت,سگ به ز من است اگر برم نام بهشت
36,دریاب که از روح جدا خواهی رفت,در پرده اسرار فنا خواهی رفت,می نوش ندانی از کجا آمده ای,خوش باش ندانی به کجا خواهی رفت
37,ساقی گل و سبزه بس طربناک شده ست,دریاب که هفته دگر خاک شده ست,می نوش و گلی بچین که تا درنگری,گل خاک شده ست و سبزه خاشاک شده ست
38,عمری ست مرا تیره و کاری ست نه راست,محنت همه افزوده و راحت کم و کاست,شکر ایزد را که آنچه اسباب بلاست,ما را ز کس دگر نمی باید خواست
39,فصل گل و طرف جویبار و لب کشت,با یک دو سه اهل و لعبتی حورسرشت,پیش آر قدح که باده نوشان صبوح,آسوده ز مسجدند و فارغ ز کنشت
40,گر شاخ بقا ز بیخ بختت رستست,ور بر تن تو عمر لباسی چستست,در خیمه تن که سایبانی ست ترا,هان تکیه مکن که چارمیخش سستست
41,گویند کسان بهشت با حور خوش است,من می گویم که آب انگور خوش است,این نقد بگیر و دست از آن نسیه بدار,کآواز دهل شنیدن از دور خوش است
42,گویند مرا که دوزخی باشد مست,قولی ست خلاف  دل در آن نتوان بست,گر عاشق و میخواره به دوزخ باشند,فردا بینی بهشت همچون کف دست
43,من هیچ ندانم که مرا آن که سرشت,از اهل بهشت کرد یا دوزخ زشت,جامی و بتی و بربطی بر لب کشت,این هرسه مرا نقد و تو را نسیه بهشت
45,می خوردن و شاد بودن آیین من است,فارغ بودن ز کفر و دین دین من است,گفتم به عروس دهر کابین تو چیست,گفتا دل خرم تو کابین من است
46,می لعل مذاب است و صراحی کان است,جسم است پیاله و شرابش جان است,آن جام بلورین که ز می خندان است,اشکی است که خون دل در او پنهان است
47,می نوش که عمر جاودانی این است,خود حاصلت از دور جوانی این است,هنگام گل و باده و یاران سرمست,خوش باش دمی که زندگانی این است
48,نیکی و بدی که در نهاد بشر است,شادی و غمی که در قضا و قدر است,با چرخ مکن حواله کاندر ره عقل,چرخ از تو هزار بار بیچاره تر است
49,در هر دشتی که لاله زاری بوده ست,از سرخی خون شهریاری بوده ست,هر شاخ بنفشه کز زمین می روید,خالی ست که بر رخ نگاری بوده ست
50,هر ذره که در خاک زمینی بوده ست,پیش از من و تو تاج و نگینی بوده ست,گرد از رخ نازنین به آزرم فشان,کآن هم رخ خوب نازنینی بوده ست
51,هر سبزه که بر کنار جویی رسته ست,گویی ز لب فرشته خویی رسته ست,پا بر سر سبزه تا به خواری ننهی,کآن سبزه ز خاک لاله رویی رسته ست
52,یک جرعه می ز ملک کاووس به است,از تخت قباد و ملکت طوس به است,هر ناله که رندی به سحرگاه زند,از طاعت زاهدان سالوس به است
53,چون عمر به سر رسد چه شیرین و چه تلخ,پیمانه چو پر شود چه بغداد و چه بلخ,می نوش که بعد از من و تو ماه بسی,از سلخ به غره آید از غره به سلخ
54,آنان که محیط فضل و آداب شدند,در جمع کمال شمع اصحاب شدند,ره زین شب تاریک نبردند برون,گفتند فسانه ای و در خواب شدند
55,آن را که به صحرای علل تاخته اند,بی او همه کارها بپرداخته اند,امروز بهانه ای درانداخته اند,فردا همه آن بود که درساخته اند
56,آن ها که کهن شدند و این ها که نوند,هر کس به مراد خویش یک تک به دوند,این کهنه جهان به کس نماند باقی,رفتند و رویم دیگر آیند و روند
57,آن کس که زمین و چرخ و افلاک نهاد,بس داغ که او بر دل غمناک نهاد,بسیار لب چو لعل و زلفین چو مشک,در طبل زمین و حقه خاک نهاد
58,آرند یکی و دیگری بربایند,بر هیچ کسی راز همی نگشایند,ما را ز قضا جز این قدر ننمایند,پیمانه عمر ماست می پیمایند
59,اجرام که ساکنان این ایوان اند,اسباب تردد خردمندان اند,هان تا سر رشته خرد گم نکنی,کآنان که مدبرند سرگردان اند
60,از آمدنم نبود گردون را سود,وز رفتن من جلال و جاهش نفزود,وز هیچ کسی نیز دو گوشم نشنود,کاین آمدن و رفتنم از بهر چه بود
61,از رنج کشیدن آدمی حر گردد,قطره چو کشد حبس صدف در گردد,گر مال نماند سر بماناد به جای,پیمانه چو شد تهی دگر پر گردد
62,افسوس که سرمایه ز کف بیرون شد,وز دست اجل بسی جگرها خون شد,کس نآمد از آن جهان که پرسم از وی,کاحوال مسافران دنیا چون شد
63,افسوس که نامه جوانی طی شد,و آن تازه بهار زندگانی دی شد,آن مرغ طرب که نام او بود شباب,افسوس ندانم که کی آمد کی شد
64,ای بس که نباشیم و جهان خواهد بود,نی نام ز ما و نی  نشان خواهد بود,زین پیش نبودیم و نبد هیچ خلل,زین پس چو نباشیم همان خواهد بود
65,این عقل که در ره سعادت پوید,روزی صد بار خود تو را می گوید,دریاب تو این یک دم وقتت که نه ای,آن تره که بدروند و دیگر روید
66,این قافله عمر عجب می گذرد,دریاب دمی که با طرب می گذرد,ساقی غم فردای حریفان چه خوری,پیش آر پیاله را که شب می گذرد
67,بر پشت من از زمانه تو می آید,وز من همه کار نانکو می آید,جان عزم رحیل کرد و گفتم بمرو,گفتا چه کنم خانه فرومی آید
68,بر چرخ فلک هیچ کسی چیر نشد,وز خوردن آدمی زمین سیر نشد,مغرور بدانی که نخورده ست تو را,تعجیل مکن هم بخورد دیر نشد
69,بر چشم تو عالم ارچه می آرایند,مگرای بدان که عاقلان نگرایند,بسیار چو تو روند و بسیار آیند,بربای نصیب خویش کت بربایند
70,بر من قلم قضا چو بی من رانند,پس نیک و بدش ز من چرا می دانند,دی بی من و امروز چو دی بی من و تو,فردا به چه حجتم به داور خوانند
71,تا چند اسیر رنگ و بو خواهی شد,چند از پی هر زشت و نکو خواهی شد,گر چشمه زمزمی و گر آب حیات,آخر به دل خاک فروخواهی شد
72,تا راه قلندری نپویی نشود,رخساره بخون دل نشویی نشود,سودا چه پزی تا که چو دلسوختگان,آزاد به ترک خود نگویی نشود
73,تا زهره و مه در آسمان گشت پدید,بهتر ز می ناب کسی هیچ ندید,من در عجبم ز می فروشان کایشان,به زآن که فروشند چه خواهند خرید
74,چون روزی و عمر بیش و کم نتوان کرد,دل را به کم و بیش دژم نتوان کرد,کار من و تو چنان که رای من و توست,از موم به دست خویش هم نتوان کرد
75,حیی که به قدرت سر و رو می سازد,همواره همو کار عدو می سازد,گویند قرابه گر مسلمان نبود,او را تو چه گویی که کدو می سازد
76,در دهر چو آواز گل تازه دهند,فرمای بتا که می به اندازه دهند,از حور و قصور و ز بهشت و دوزخ,فارغ بنشین که آن هر آوازه دهند
77,در دهر هر آن که نیم نانی دارد,از بهر نشست آشیانی دارد,نه خادم کس بود نه مخدوم کسی,گو شاد بزی که خوش جهانی دارد
78,دهقان قضا بسی چو ما کشت و درود,غم خوردن بیهوده نمی دارد سود,پر کن قدح می به کفم درنه زود,تا باز خورم که بودنی ها همه بود
79,روزی ست خوش و هوا نه گرم است و نه سرد,ابر از رخ گلزار همی شوید گرد,بلبل به زبان حال خود با گل زرد,فریاد همی کند که می باید خورد
80,زآن پیش که بر سرت شبیخون آرند,فرمای که تا باده گلگون آرند,تو زر نه ای ای غافل نادان که تو را,در خاک نهند و باز بیرون آرند
81,عمرت تا کی به خودپرستی گذرد,یا در پی نیستی و هستی گذرد,می نوش که عمری که اجل در پی اوست,آن به که به خواب یا به مستی گذرد
82,کس مشکل اسرار اجل را نگشاد,کس یک قدم از دایره بیرون ننهاد,من می نگرم ز مبتدی تا استاد,عجز است به دست هرکه از مادر زاد
83,کم کن طمع از جهان و می زی خرسند,از نیک و بد زمانه بگسل پیوند,می در کف و زلف دلبری گیر که زود,هم بگذرد و نماند این روزی چند
84,گرچه غم و رنج من درازی دارد,عیش و طرب تو سرفرازی دارد,بر هر دو مکن تکیه که دوران فلک,در پرده هزار گونه بازی دارد
85,گردون ز زمین هیچ گلی برنارد,کش نشکند و هم به زمین نسپارد,گر ابر چو آب خاک را بردارد,تا حشر همه خون عزیزان بارد
86,گر یک نفست ز زندگانی گذرد,مگذار که جز به شادمانی گذرد,هشدار که سرمایه سودای جهان,عمر است چنان کش گذرانی گذرد
87,گویند بهشت و حورعین خواهد بود,آنجا می و شیر و انگبین خواهد بود,گر ما می و معشوق گزیدیم چه باک,چون عاقبت کار چنین خواهد بود
88,گویند بهشت و حور و کوثر باشد,جوی می و شیر و شهد و شکر باشد,پر کن قدح باده و بر دستم نه,نقدی ز هزار نسیه خوش تر باشد
89,گویند هر آن کسان که با پرهیزند,زآن سان که بمیرند چنان برخیزند,ما با می و معشوقه از آنیم مدام,باشد که به حشرمان چنان انگیزند
90,می خور که ز دل کثرت و قلت ببرد,و اندیشه هفتاد و دو ملت ببرد,پرهیز مکن ز کیمیایی که از او,یک جرعه خوری هزار علت ببرد
91,هر راز که اندر دل دانا باشد,باید که نهفته تر ز عنقا باشد,کاندر صدف از نهفتگی گردد در,آن قطره که راز دل دریا باشد
92,هر صبح که روی لاله شبنم گیرد,بالای بنفشه در چمن خم گیرد,انصاف مرا ز غنچه خوش می آید,کاو دامن خویشتن فراهم گیرد
93,هرگز دل من ز علم محروم نشد,کم ماند ز اسرار که معلوم نشد,هفتاد و دو سال فکر کردم شب و روز,معلومم شد که هیچ معلوم نشد
94,هم دانه امید به خرمن ماند,هم باغ و سرای بی تو و من ماند,سیم و زر خویش از درمی تا به جوی,با دوست بخور گرنه به دشمن ماند
95,یاران موافق همه از دست شدند,در پای اجل یکان یکان پست شدند,خوردیم ز یک شراب در مجلس عمر,دوری دو سه پیشتر ز ما مست شدند
96,یک جام شراب صد دل و دین ارزد,یک جرعه می مملکت چین ارزد,جز باده لعل نیست در روی زمین,تلخی که هزار جان شیرین ارزد
97,یک قطره آب بود با دریا شد,یک ذره خاک با زمین یکتا شد,آمدشدن تو اندر این عالم چیست,آمد مگسی پدید و ناپیدا شد
98,یک نان به دو روز اگر بود حاصل مرد,از کوزه شکسته ای دمی آبی سرد,مامور کم از خودی چرا باید بود,یا خدمت چون خودی چرا باید کرد
99,آن لعل در آبگینه ساده بیار,وآن محرم و مونس هر آزاده بیار,چون می دانی که مدت عالم خاک,باد است که زود بگذرد باده بیار
100,از بودنی ای دوست چه داری تیمار,وز فکرت بیهوده دل و جان افکار,خرم بزی و جهان به شادی گذران,تدبیر نه با تو کرده اند اول کار
101,افلاک که جز غم نفزایند دگر,ننهند به جا تا نربایند دگر,ناآمدگان اگر بدانند که ما,از دهر چه می کشیم نایند دگر
102,ای دل غم این جهان فرسوده مخور,بیهوده نه ای غمان بیهوده مخور,چون بوده گذشت و نیست نابوده پدید,خوش باش غم بوده و نابوده مخور
103,ایدل همه اسباب جهان خواسته گیر,باغ طربت به سبزه آراسته گیر,و آنگاه بر آن سبزه شبی چون شبنم,بنشسته و بامداد برخاسته گیر
104,این اهل قبور خاک گشتند و غبار,هر ذره ز هر ذره گرفتند کنار,آه این چه شراب است که تا روز شمار,بیخود شده و بی خبرند از همه کار
105,خشت سر خم ز ملکت جم خوشتر,بوی قدح از غذای مریم خوشتر,آه سحری ز سینه خماری,از ناله بوسعید و ادهم خوشتر
106,در دایره سپهر ناپیدا غور,جامی ست که جمله را چشانند بدور,نوبت چو به دور تو رسد آه مکن,می نوش به خوشدلی که دور است نه جور
107,دی کوزه گری بدیدم اندر بازار,بر پاره گلی لگد همی زد بسیار,و آن گل بزبان حال با او می گفت,من همچو تو بوده ام مرا نیکودار
108,ز آن می که حیات جاودانیست بخور,سرمایه لذت جوانی است بخور,سوزنده چو آتش است لیکن غم را,سازنده چو آب زندگانی است بخور
109,گر باده خوری تو با خردمندان خور,یا با صنمی لاله رخی خندان خور,بسیار مخور ورد مکن فاش مساز,اندک خور و گه گاه خور و پنهان خور
110,وقت سحر است خیز ای طرفه پسر,پر باده لعل کن بلورین ساغر,کاین یکدم عاریت در این کنج فنا,بسیار بجویی و نیابی دیگر
111,از جمله رفتگان این راه دراز,باز آمده کیست تا به ما گوید راز,پس بر سر این دو راهه آز و نیاز,تا هیچ نمانی که نمی آیی باز
112,ای پیر خردمند پگه تر برخیز,و آن کودک خاکبیز را بنگر تیز,پندش ده گو که نرم نرمک می بیز,مغز سر کیقباد و چشم پرویز
113,وقت سحر است خیز ای مایه ناز,نرمک نرمک باده خور و چنگ نواز,کانها که بجایند نپایند بسی,و آنها که شدند کس نمیاید باز
114,مرغی دیدم نشسته بر باره طوس,در پیش نهاده کله کیکاووس,با کله همی گفت که افسوس افسوس,کو بانگ جرسها و کجا ناله کوس
115,جامی است که عقل آفرین میزندش,صد بوسه ز مهر بر جبین میزندش,این کوزه گر دهر چنین جام لطیف,می سازد و باز بر زمین میزندش
116,خیام اگر ز باده مستی خوش باش,با ماهرخی اگر نشستی خوش باش,چون عاقبت کار جهان نیستی است,انگار که نیستی چو هستی خوش باش
117,در کارگه کوزه گری رفتم دوش,دیدم دو هزار کوزه گویا و خموش,ناگاه یکی کوزه برآورد خروش,کو کوزه گر و کوزه خر و کوزه فروش
118,ایام زمانه از کسی دارد ننگ,کو در غم ایام نشیند دلتنگ,می خور تو در آبگینه با ناله چنگ,زان پیش که آبگینه آید بر سنگ
119,از جرم گل سیاه تا اوج زحل,کردم همه مشکلات کلی را حل,بگشادم بندهای مشکل به حیل,هر بند گشاده شد به جز بند اجل
120,با سرو قدی تازه تر از خرمن گل,از دست منه جام می و دامن گل,زان پیش که ناگه شود از باد اجل,پیراهن عمر ما چو پیراهن گل
121,ای دوست بیا تا غم فردا نخوریم,وین یک دم عمر را غنیمت شمریم,فردا که ازین دیر فنا درگذریم,با هفت هزارسالگان سربه سریم
122,این چرخ فلک که ما در او حیرانیم,فانوس خیال از او مثالی دانیم,خورشید چراغ دان و عالم فانوس,ما چون صوریم کاندر او حیرانیم
123,برخیز ز خواب تا شرابی بخوریم,زان پیش که از زمانه تابی بخوریم,کاین چرخ ستیزه روی ناگه روزی,چندان ندهد زمان که آبی بخوریم
124,برخیزم و عزم باده ناب کنم,رنگ رخ خود به رنگ عناب کنم,این عقل فضول پیشه را مشتی می,بر روی زنم چنانکه در خواب کنم
125,بر مفرش خاک خفتگان می بینم,در زیرزمین نهفتگان می بینم,چندانکه به صحرای عدم مینگرم,ناآمدگان و رفتگان می بینم
126,تا چند اسیر عقل هر روزه شویم,در دهر چه صد ساله چه یکروزه شویم,در ده تو بکاسه می از آن پیش که ما,در کارگه کوزه گران کوزه شویم
127,چون نیست مقام ما در این دهر مقیم,پس بی می و معشوق خطاییست عظیم,تا کی ز قدیم و محدث امیدم و بیم,چون من رفتم جهان چه محدث چه قدیم
128,خورشید به گل نهفت می نتوانم,و اسراز زمانه گفت می نتوانم,از بحر تفکرم برآورد خرد,دری که ز بیم سفت می نتوانم
129,دشمن به غلط گفت که من فلسفیم,ایزد داند که آنچه او گفت نیم,لیکن چو در این غم آشیان آمده ام,آخر کم از آنکه من بدانم که کیم
130,ماییم که اصل شادی و کان غمیم,سرمایه دادیم و نهاد ستمیم,پستیم و بلندیم و کمالیم و کمیم,آیینه زنگ خورده و جام جمیم
131,من می نه ز بهر تنگدستی نخورم,یا از غم رسوایی و مستی نخورم,من می ز برای خوشدلی میخوردم,اکنون که تو بر دلم نشستی نخورم
132,من بی می ناب زیستن نتوانم,بی باده کشید بارتن نتوانم,من بنده آن دمم که ساقی گوید,یک جام دگر بگیر و من نتوانم
133,هر یک چندی یکی برآید که منم,با نعمت و با سیم و زر آید که منم,چون کارک او نظام گیرد روزی,ناگه اجل از کمین برآید که منم
134,یک چند به کودکی باستاد شدیم,یک چند به استادی خود شاد شدیم,پایان سخن شنو که ما را چه رسید,از خاک در آمدیم و بر باد شدیم
135,یک روز ز بند عالم آزاد نیم,یک دمزدن از وجود خود شاد نیم,شاگردی روزگار کردم بسیار,در کار جهان هنوز استاد نیم
136,از دی که گذشت هیچ ازو یاد مکن,فردا که نیامده ست فریاد مکن,برنامده و گذشته بنیاد مکن,حالی خوش باش و عمر بر باد مکن
137,ای دیده اگر کور نیی گور ببین,وین عالم پر فتنه و پر شور ببین,شاهان و سران و سروران زیر گلند,روهای چو مه در دهن مور ببین
138,برخیز و مخور غم جهان گذران,بنشین و دمی به شادمانی گذران,در طبع جهان اگر وفایی بودی,نوبت بتو خود نیامدی از دگران
139,چون حاصل آدمی در این شورستان,جز خوردن غصه نیست تا کندن جان,خرم دل آنکه زین جهان زود برفت,و آسوده کسی که خود نیامد به جهان
140,رفتم که در این منزل بیداد بدن,در دست نخواهد به جز از باد بدن,آن را باید به مرگ من شاد بدن,کز دست اجل تواند آزاد بدن
141,رندی دیدم نشسته بر خنگ زمین,نه کفر و نه اسلام و نه دنیا و نه دین,نه حق نه حقیقت نه شریعت نه یقین,اندر دو جهان کرا بود زهره این
142,قانع به یک استخوان چو کرکس بودن,به ز آن که طفیل خوان ناکس بودن,با نان جوین خویش حقا که به است,کالوده و پالوده هر خس بودن
143,قومی متفکرند اندر ره دین,قومی به گمان فتاده در راه یقین,میترسم از آن که بانگ آید روزی,کای بیخبران راه نه آنست و نه این
144,گاویست در آسمان و نامش پروین,یک گاو دگر نهفته در زیر زمین,چشم خردت باز کن از روی یقین,زیر و زبر دو گاو مشتی خر بین
145,گر بر فلکم دست بدی چون یزدان,برداشتمی من این فلک را ز میان,از نو فلکی دگر چنان ساختمی,کازاده بکام دل رسیدی آسان
146,مشنو سخن از زمانه ساز آمدگان,می خواه مروق به طراز آمدگان,رفتند یکان یکان فراز آمدگان,کس می ندهد نشان ز بازآمدگان
147,می خوردن و گرد نیکوان گردیدن,به زانکه بزرق زاهدی ورزیدن,گر عاشق و مست دوزخی خواهد بود,پس روی بهشت کس نخواهد دیدن
148,نتوان دل شاد را به غم فرسودن,وقت خوش خود بسنگ محنت سودن,کس غیب چه داند که چه خواهد بودن,می باید و معشوق و به کام آسودن
149,آن قصر که با چرخ همیزد پهلو,بر درگه آن شهان نهادندی رو,دیدیم که بر کنگره اش فاخته ای,بنشسته همی گفت که کوکوکوکو
150,از آمدن و رفتن ما سودی کو,وز تار امید عمر ما پودی کو,چندین سروپای نازنینان جهان,می سوزد و خاک می شود دودی کو
151,از تن چو برفت جان پاک من و تو,خشتی دو نهند بر مغاک من و تو,و آنگاه برای خشت گور دگران,در کالبدی کشند خاک من و تو
152,می خور که فلک بهر هلاک من و تو,قصدی دارد بجان پاک من و تو,در سبزه نشین و می روشن میخور,کاین سبزه بسی دمد ز خاک من و تو
153,از هر چه بجز می است کوتاهی به,می هم ز کف بتان خرگاهی به,مستی و قلندری و گمراهی به,یک جرعه می ز ماه تا ماهی به
154,بنگر ز صبا دامن گل چاک شده,بلبل ز جمال گل طربناک شده,در سایه گل نشین که بسیار این گل,در خاک فرو ریزد و ما خاک شده
155,تا کی غم آن خورم که دارم یا نه,وین عمر به خوشدلی گذارم یا نه,پرکن قدح باده که معلومم نیست,کاین دم که فرو برم برآرم یا نه
157,آن مایه ز دنیا که خوری یا پوشی,معذوری اگر در طلبش میکوشی,باقی همه رایگان نیرزد هشدار,تا عمر گرانبها بدان نفروشی
158,از آمدن بهار و از رفتن دی,اوراق وجود ما همی گردد طی,می خور مخور اندوه که فرمود حکیم,غمهای جهان چو زهر و تریاقش می
159,از کوزه گری کوزه خریدم باری,آن کوزه سخن گفت ز هر اسراری,شاهی بودم که جام زرینم بود,اکنون شده ام کوزه هر خماری
160,ای آنکه نتیجه چهار و هفتی,وز هفت و چهار دایم اندر تفتی,می خور که هزار بار بیشت گفتم,باز آمدنت نیست چو رفتی رفتی
161,ایدل تو به اسرار معما نرسی,در نکته زیرکان دانا نرسی,اینجا به می لعل بهشتی می ساز,کانجا که بهشت است رسی یا نرسی
162,ای دوست حقیقت شنواز من سخنی,با باده لعل باش و با سیم تنی,کانکس که جهان کرد فراغت دارد,از سبلت چون تویی و ریش چو منی
163,ای کاش که جای آرمیدن بودی,یا این ره دور را رسیدن بودی,کاش از پی صد هزار سال از دل خاک,چون سبزه امید بر دمیدن بودی
164,بر سنگ زدم دوش سبوی کاشی,سرمست بدم که کردم این عیاشی,با من به زبان حال می گفت سبو,من چون تو بدم تو نیز چون من باشی
165,بر شاخ امید اگر بری یافتمی,هم رشته خویش را سری یافتمی,تا چند ز تنگنای زندان وجود,ای کاش سوی عدم دری یافتمی
166,بر گیر پیاله و سبو ای دلجوی,فارغ بنشین بکشتزار و لب جوی,بس شخص عزیز را که چرخ بدخوی,صد بار پیاله کرد و صد بار سبوی
167,پیری دیدم به خانه خماری,گفتم نکنی ز رفتگان اخباری,گفتا می خور که همچو ما بسیاری,رفتند و خبر باز نیامد باری
168,تا چند حدیث پنج و چار ای ساقی,مشکل چه یکی چه صد هزار ای ساقی,خاکیم همه چنگ بساز ای ساقی,بادیم همه باده بیار ای ساقی
169,چندان که نگاه می کنم هر سویی,در باغ روان است ز کوثر جویی,صحرا چو بهشت است ز کوثر کم گوی,بنشین به بهشت با بهشتی رویی
170,خوش باش که پخته اند سودای تو دی,فارغ شده اند از تمنای تو دی,قصه چه کنم که به تقاضای تو دی,دادند قرار کار فردای تو دی
171,در کارگه کوزه گری کردم رای,در پایه چرخ دیدم استاد بپای,میکرد دلیر کوزه را دسته و سر,از کله پادشاه و از دست گدای
172,در گوش دلم گفت فلک پنهانی,حکمی که قضا بود ز من میدانی,در گردش خویش اگر مرا دست بدی,خود را برهاندمی ز سرگردانی
173,زان کوزه می که نیست در وی ضرری,پر کن قدحی بخور بمن ده دگری,زان پیشتر ای صنم که در رهگذری,خاک من و تو کوزه کند کوزه گری
174,گر آمدنم بخود بدی نامدمی,ور نیز شدن بمن بدی کی شدمی,به زان نبدی که اندر این دیر خراب,نه آمدمی نه شدمی نه بدمی
175,گر دست دهد ز مغز گندم نانی,وز می دو منی ز گوسفندی رانی,با لاله رخی و گوشه بستانی,عیشی بود آن نه حد هر سلطانی
176,گر کار فلک به عدل سنجیده بدی,احوال فلک جمله پسندیده بدی,ور عدل بدی بکارها در گردون,کی خاطر اهل فضل رنجیده بدی
177,هان کوزه گرا بپای اگر هشیاری,تا چند کنی بر گل مردم خواری,انگشت فریدون و کف کیخسرو,بر چرخ نهاده ای چه می پنداری
178,هنگام صبوح ای صنم فرخ پی,برساز ترانه ای و پیش آور می,کافکند بخاک صد هزاران جم و کی,این آمدن تیرمه و رفتن دی
179,هر ساعتم اندرون بجوشد خون را,وآگاهی نیست مردم بیرون را,الا مگر آن که روی لیلی دیده ست,داند که چه درد می کشد مجنون را
180,عشاق به درگهت اسیرند بیا,بدخویی تو بر تو نگیرند بیا,هر جور و جفا که کرده ای معذوری,زآن پیش که عذرت نپذیرند بیا
181,ای چشم تو مست خواب و سرمست شراب,صاحب نظران تشنه و وصل تو سراب,مانند تو آدمی در آباد و خراب,باشد که در آیینه توان دید و در آب
182,چون دل ز هوای دوست نتوان پرداخت,درمانش تحمل است و سر پیش انداخت,یا ترک گل لعل همی باید گفت,یا با الم خار همی باید ساخت
183,دل می رود و دیده نمی شاید دوخت,چون زهد نباشد نتوان زرق فروخت,پروانه مستمند را شمع نسوخت,آن سوخت که شمع را چنین می افروخت
184,روزی گفتی شبی کنم دلشادت,وز بند غمان خود کنم آزادت,دیدی که از آن روز چه شبها بگذشت,وز گفته خود هیچ نیامد یادت
185,صد بار بگفتم به غلامان درت,تا آینه دیگر نگذارند برت,ترسم که ببینی رخ همچون قمرت,کس باز نیاید دگر اندر نظرت
186,آن یار که عهد دوستاری بشکست,می رفت و منش گرفته دامان در دست,می گفت دگرباره به خوابم بینی,پنداشت که بعد از آن مرا خوابی هست
187,شبها گذرد که دیده نتوانم بست,مردم همه از خواب و من از فکر تو مست,باشد که به دست خویش خونم ریزی,تا جان بدهم دامن مقصود به دست
188,هشیار سری بود ز سودای تو مست,خوش آنکه ز روی تودلش رفت ز دست,بی تو همه هیچ نیست در ملک وجود,ور هیچ نباشد چو تو هستی همه هست
189,گر زحمت مردمان این کوی از ماست,یا جرم ترش بودن آن روی از ماست,فردا متغیر شود آن روی چو شیر,ما نیز برون شویم چون موی از ماست
190,وه وه که قیامتست این قامت راست,با سرو نباشد این لطافت که تراست,شاید که تو دیگر به زیارت نروی,تا مرده نگوید که قیامت برخاست
191,سرو از قدت اندازه بالا بردست,بحر از دهنت لولو لالا بردست,هر جا که بنفشه ای ببینم گویم,مویی ز سرت باد به صحرا بردست
192,امشب که حضور یار جان افروزست,بختم به خلاف دشمنان پیروزست,گو شمع بمیر و مه فرو شو که مرا,آن شب که تو در کنار باشی روزست
193,آن شب که تو در کنار مایی روزست,و آن روز که با تو می رود نوروزست,دی رفت و به انتظار فردا منشین,دریاب که حاصل حیات امروزست
194,گویند هوای فصل آزار خوشست,بوی گل و بانگ مرغ گلزار خوشست,ابریشم زیر وناله زار خوشست,ای بیخبران اینهمه با یار خوشست
195,خیزم بروم چو صبر نامحتملست,جان در قدمش کنم که آرام دلست,و اقرار کنم برابر دشمن و دوست,کانکس که مرا بکشت از من بحلست
196,آن ماه که گفتی ملک رحمانست,این بار اگرش نگه کنی شیطانست,رویی که چو آتش به زمستان خوش بود,امروز چو پوستین به تابستانست
197,آن سست وفا که یار دل سخت منست,شمع دگران و آتش رخت منست,ای با همه کس به صلح و با ما به خلاف,جرم از تو نباشد گنه از بخت منست
198,از بس که بیازرد دل دشمن و دوست,گویی به گناه مسخ کردندش پوست,وقتی غم او بر همه دلها بودی,اکنون همه غمهای جهان بر دل اوست
199,ای در دل من رفته چو خون در رگ و پوست,هرچ آن به سر آیدم ز دست تو نکوست,ای مرغ سحر تو صبح برخاسته ای,ما خود همه شب نخفته ایم از غم دوست
200,چون حال بدم در نظر دوست نکوست,دشمن ز جفا گو ز تنم برکن پوست,چون دشمن بیرحم فرستاده اوست,بدعهدم اگر ندارم این دشمن دوست
201,غازی ز پی شهادت اندر تک و پوست,وان را که غم تو کشت فاضلتر ازوست,فردای قیامت این بدان کی ماند,کان کشته دشمنست و آن کشته دوست
202,گر دل به کسی دهند باری به تو دوست,کت خوی خوش و بوی خوش و روی نکوست,از هر که وجود صبر بتوانم کرد,الا ز وجودت که وجودم همه اوست
203,گر زخم خورم ز دست چون مرهم دوست,یا مغز برآیدم چو بادام از پوست,غیرت نگذاردم که نالم به کسی,تا خلق ندانند که منظور من اوست
204,گویند رها کنش که یاری بدخوست,خوبیش نیرزد به درشتی که دروست,بالله بگذارید میان من و دوست,نیک و بد و رنج و راحت از دوست نکوست
205,شب نیست که چشمم آرزومند تو نیست,وین جان به لب رسیده در بند تو نیست,گر تو دگری به جای من بگزینی,من عهد تو نشکنم که مانند تو نیست
206,با دوست چنانکه اوست می باید داشت,خونابه درون پوست می باید داشت,دشمن که نمی توانمش دید به چشم,از بهر دل تو دوست می باید داشت
207,بگذشت و چه گویم که چه بر من بگذشت,سیلاب محبتم ز دامن بگذشت,دستی به دلم فرو کن ای یار عزیز,تا تیر ببینی که ز جوشن بگذشت
208,روی تو به فال دارم ای حور نژاد,زیرا که بدو بوسه همی نتوان داد,فرخنده کسی که فال گیرد ز رخت,تا لاجرم از محنت و غم باشد شاد
209,تو هرچه بپوشی به تو زیبا گردد,گر خام بود اطلس و دیبا گردد,مندیش که هرکه یک نظر روی تو دید,دیگر همه عمر از تو شکیبا گردد
210,نوروز که سیل در کمر می گردد,سنگ از سر کوهسار در می گردد,از چشمه چشم ما برفت اینهمه سیل,گویی که دل تو سخت تر می گردد
211,کس عهد وفا چنانکه پروانه خرد,با دوست به پایان نشنیدیم که برد,مقراض به دشمنی سرش برمی داشت,پروانه به دوستیش در پا می مرد
212,دستارچه ای کان بت دلبر دارد,گر بویی ازان باد صبا بردارد,بر مرده صد ساله اگر برگذرد,در حال ز خاک تیره سر بردارد
213,گر باد ز گل حسن شبابش ببرد,بلبل نه حریفست که خوابش ببرد,گل وقت رسیدن آب عطار ببرد,عطار به وقت رفتن آبش ببرد
214,کس نیست که غم از دل ما داند برد,یا چاره کار عشق بتواند برد,گفتم که به شوخی ببرد دست از ما,زین دست که او پیاده می داند برد
215,هر وقت که بر من آن پسر می گذرد,دانی که ز شوقم چه به سر می گذرد,گو هر سخن تلخ که خواهی فرمای,آخر به دهان چون شکر می گذرد
216,خالی که مرا عاجز و محتال بکرد,خطی برسید و دفع آن خال بکرد,خال سیهش بود که خونم می ریخت,ریش آمد و رویش همه چون خال بکرد
217,چون بخت به تدبیر نکو نتوان کرد,بیفایده سعی و گفت و گو نتوان کرد,گفتم بروم صبر کنم یک چندی,هم صبر برو که صبر ازو نتوان کرد
218,شمع ارچه به گریه جانگدازی می کرد,گریه زده خنده مجازی می کرد,آن شوخ سرش را ببریدند و هنوز,استاده بد و زبان درازی می کرد
219,ای باد چو عزم آن زمین خواهی کرد,رخ در رخ یار نازنین خواهی کرد,از ماش بسی دعا و خدمت برسان,گو یاد ز دوستان چنین خواهی کرد
220,آن دوست که آرام دل ما باشد,گویند که زشتست بهل تا باشد,شاید که به چشم کس نه زیبا باشد,تا یاری از آن من تنها باشد
221,آن را که جمال ماه پیکر باشد,در هرچه نگه کند منور باشد,آیینه به دست هرکه ننماید نور,از طلعت بی صفای او در باشد
222,آن را که نظر به سوی هر کس باشد,در دیده صاحبنظران خس باشد,قاضی به دو شاهد بدهد فتوی شرع,در مذهب عشق شاهدی بس باشد
223,هر سرو که در بسیط عالم باشد,شاید که به پیش قامتت خم باشد,از سرو بلند هرگز این چشم مدار,بالای دراز را خرد کم باشد
224,گر دست تو در خون روانم باشد,مندیش که آن دم غم جانم باشد,گویم چه گناه از من مسکین آمد,کو خسته شد از من غم آنم باشد
225,بیچاره کسی که بر تو مفتون باشد,دور از تو گرش دلیست پر خون باشد,آن کش نفسی قرار بی روی تو نیست,اندیش که بی تو مدتی چون باشد
226,آهو بره را که شیر در پی باشد,بیچاره چه اعتماد بر وی باشد,این ملح در آب چند بتواند بود,وین برف در آفتاب تا کی باشد
227,ما را به چه روی از تو صبوری باشد,یا طاقت دوستی و دوری باشد,جایی که درخت گل سوری باشد,جوشیدن بلبلان ضروری باشد
228,مشنو که مرا از تو صبوری باشد,یا طاقت دوستی و دوری باشد,لیکن چه کنم گر نکنم صبر و شکیب,خرسندی عاشقان ضروری باشد
229,آن خال حسن که دیدمی خالی شد,وان لعبت با جمال جمالی شد,چال زنخش که جان درو می آسود,تا ریش برآورد سیه چالی شد
230,دانی که چرا بر دهنم راز آمد,مرغ دلم از درون به پرواز آمد,از من نه عجب که هاون رویین تن,از یار جفا دید و به آواز آمد
231,روزی نظرش بر من درویش آمد,دیدم که معلم بداندیش آمد,نگذاشت که آفتاب بر من تابد,آن سایه گران چو ابر در پیش آمد
232,گفتم شب وصل و روز تعطیل آمد,کان شوخ دوان دوان به تعجیل آمد,گفتم که نمی نهی رخی بر رخ من,گفتا برو ابلهی مکن پیل آمد
233,وقت گل و روز شادمانی آمد,آن شد که به سرما نتوانی آمد,رفت آنکه دلت به مهر ما گرم نبود,سرما شد و وقت مهربانی آمد
234,در چشم من آمد آن سهی سرو بلند,بربود دلم ز دست و در پای افکند,این دیده شوخ می برد دل به کمند,خواهی که به کس دل ندهی دیده ببند
235,در خرقه توبه آمدم روزی چند,چشمم به دهان واعظ و گوش به پند,ناگاه بدیدم آن سهی سرو بلند,وز یاد برفتم سخن دانشمند
236,گویند مرو در پی آن سرو بلند,انگشت نمای خلق بودن تا چند,بی فایده پندم مده ای دانشمند,من چون نروم که می برندم به کمند
237,کس با تو عدو محاربت نتواند,زیرا که گرفتار کمندت ماند,نه دل دهدش که با تو شمشیر زند,نه صبر کها ز تو روی برگرداند
238,آنان که پریروی و شکر گفتارند,حیفست که روی خوب پنهان دارند,فی الجمله نقاب نیز بیفایده نیست,تا زشت بپوشند و نکو بگذارند
239,آن کودک لشکری که لشکر شکند,دایم دل ما چو قلب کافر شکند,محبوب که تازیانه در سر شکند,به زانکه ببیند و عنان برشکند
240,کس عیب نظر باختن ما نکند,زیرا که نظر داعی تنها نکند,بیکار بهیمه ای و کژ طبع کسی,کو فرق میان زشت و زیبا نکند
241,مجنون اگر احتمال لیلی نکند,شاید که به صدق عشق دعوی نکند,در مذهب عشق هر که جانی دارد,روی دل ازو به هر که دنیی نکند
242,آن درد ندارم که طبیبان دانند,دردیست محبت که حبیبان دانند,ما را غم روی آشنایی کشتست,این حال نباید که غریبان دانند
243,مردان نه بهشت و رنگ و بو می خواهند,یا موی خوش و روی نکو می خواهند,یاری دارند مثل و مانندش نیست,در دنیی و آخرت هم او می خواهند
244,هر چند که عیبم از قفا می گویند,دشنام و دروغ و ناسزا می گویند,نتوان به حدیث دشمن از دوست برید,دانی چه رها کنیم تا می گویند
245,با دوست به گرمابه درم خلوت بود,وانروی گلینش گل حمام آلود,گفتا دگر این روی کسی دارد دوست,گفتم به گل آفتاب نتوان اندود
246,من دوش قضا یار و قدر پشتم بود,نارنج زنخدان تو در مشتم بود,دیدم که همی گزم لب شیرینش,بیدار چو گشتم سر انگشتم بود
247,داد طرب از عمر بده تا برود,تا ماه برآید و ثریا برود,ور خواب گران شود بخسبیم به صبح,چندانکه نماز چاشت از ما برود
248,سودای تو از سرم به در می نرود,نقشت ز برابر نظر می نرود,افسوس که در پای تو ای سرو روان,سر می رود و بی تو به سر می نرود
249,من گر سگکی زان تو باشم چه شود,خاری ز گلستان تو باشم چه شود,شیران جهان روبه درگاه تواند,گر من سگ دربان تو باشم چه شود
250,چون صورت خویشتن در آیینه بدید,وان کام و دهان و لب و دندان لذیذ,می گفت چنانکه می توانست شنید,بس جان به لب آمد که بدین لب نرسید
251,گر تیر جفای دشمنان می آید,دل تنگ مکن که دوست می فرماید,بر یار ذلیل هر ملامت کاید,چون یار عزیز می پسندد شاید
252,من چاکر آنم که دلی برباید,یا دل به کسی دهد که جان آساید,آن کس که نه عاشق و نه معشوق کسیست,در ملک خدای اگر نباشد شاید
253,این ریش تو سخت زود برمی آید,گرچه نه مراد بود برمی آید,بر آتش رخسار تو دلهای کباب,از بس که بسوخت دود برمی آید
254,امشب نه بیاض روز برمی آید,نه ناله مرغان سحر می آید,بیدار همه شب و نظر بر سر کوه,تا صبح کی از سنگ به در می آید
255,هرچند که هست عالم از خوبان پر,شیرازی و کازرونی و دشتی و لر,مولای منست آن عربی زاده حر,کاخر به دهان حلو می گوید مر
256,بستان رخ تو گلستان آرد بار,وصل تو حیات جاودان آرد بار,بر خاک فکن قطره ای از آب دو لعل,تا بوم و بر زمانه جان آرد بار
257,از هرچه کنی مرهم ریش اولیتر,دلداری خلق هرچه بیش اولیتر,ای دوست به دست دشمنانم مسپار,گر می کشیم به دست خویش اولیتر
258,ای دست جفای تو چو زلف تو دراز,وی بی سببی گرفته پای از من باز,ای دست از آستین برون کرده به عهد,وامروز کشیده پای در دامن باز
259,تا سر نکنم در سرت ای مایه ناز,کوته نکنم ز دامنت دست نیاز,هرچند که راهم به تو دورست و دراز,در راه بمیرم و نگردم ز تو باز
260,نامردم اگر زنم سر از مهر تو باز,خواهی بکشم به هجر و خواهی بنواز,ور بگریزم ز دست ای مایه ناز,هر جا که روم پیش تو می آیم باز
261,ای ماه شب افروز شبستان افروز,خرم تن آنکه با تو باشد شب و روز,تو خود به کمال خلقت آراسته ای,پیرایه مکن عرق مزن عود مسوز
262,یا روی به کنج خلوت آور شب و روز,یا آتش عشق بر کن و خانه بسوز,مستوری و عاشقی به هم ناید راست,گر پرده نخواهی که درد دیده بدوز
263,رویی که نخواستم که بیند همه کس,الا شب و روز پیش من باشد و بس,پیوست به دیگران و از من ببرید,یارب تو به فریاد من مسکین رس
264,گر بیخبران و عیبگویان از پس,منسوب کنندم به هوی و به هوس,آخر نه گناهیست که من کردم و بس,منظور ملیح دوست دارد همه کس
265,منعم که به عیش می رود روز و شبش,نالیدن درویش نداند سببش,بس آب که می رود به جیحون و فرات,در بادیه تشنگان به جان در طلبش
266,نونیست کشیده عارض موزونش,وآن خال معنبر نقطی بر نونش,نی خود دهنش چرا نگویم نقطیست,خط دایره ای کشیده پیرامونش
267,گویند مرا صوابرایان به هوش,چون دست نمی رسد به خرسندی کوش,صبر از متعذر چه کنم گر نکنم,گر خواهم و گر نخواهم از نرمه گوش
268,همسایه که میل طبع بینی سویش,فردوس برین بود سرا در کویش,وآن را که نخواهی که ببینی رویش,دوزخ باشد بهشت در پهلویش
269,یا همچو همای بر من افکن پر خویش,تا بندگیت کنم به جان و سر خویش,گر لایق خدمتم ندانی بر خویش,تا من سر خویش گیرم و کشور خویش
270,ای بی تو فراخای جهان بر ما تنگ,ما را به تو فخرست و تو را از ما ننگ,ما با تو به صلحیم و تو را با ما جنگ,آخر بنگویی که دلست این یا سنگ
271,گر دست دهد دولت ایام وصال,ور سر برود در سر سودای محال,یک بوسه برین نیمه خالی دهمش,از رویش و یک بوسه بران نیمه خال
272,خود را به مقام شیر می دانستم,چون خصم آمد به روبهی مانستم,گفتم من و صبر اگر بود روز فراق,چون واقعه افتاد بنتوانستم
273,خورشید رخا من به کمند تو درم,بارت بکشم به جان و جورت ببرم,گر سیم و زرم خواهی و گر جان و سرم,خود را بفروشم و مرادت بخرم
274,هر سروقدی که بگذرد در نظرم,در هیات او خیره بماند بصرم,چون چشم ندارم که جوان گردم باز,آخر کم از آنکه در جوانان نگرم
275,شبهای دراز بیشتر بیدارم,نزدیک سحر روی به بالین آرم,می پندارم که دیده بی دیدن دوست,در خواب رود خیال می پندارم
276,از جمله بندگان منش بنده ترم,وز چشم خداوندیش افکنده ترم,با این همه دل بر نتوان داشت که دوست,چندانکه مرا بیش کشد زنده ترم
277,خیزم که نماند بیش ازین تدبیرم,خصم ار همه شمشیر زند یا تیرم,گر دست دهد که آستینش گیرم,ورنه بروم بر آستانش میرم
278,گر بر رگ جان ز شستت آید تیرم,چه خوشتر ازان که پیش دستت میرم,دل با تو خصومت آرزو می کندم,تا صلح کنیم و در کنارت گیرم
279,آن دوست که دیدنش بیاراید چشم,بی دیدنش از گریه نیاساید چشم,ما را ز برای دیدنش باید چشم,ور دوست نبینی به چه کار آید چشم
280,آن رفته که بود دل بدو مشغولم,وافکنده به شمشیر جفا مقتولم,بازآمد و آن رونق پارینش نیست,خط خویشتن آورد که من مغرولم
281,مندیش که سست عهد و بدپیمانم,وز دوستیت فرار گیرد جانم,هرچند که به خط جمال منسوخ شود,من خط تو همچنان زنخ می خوانم
282,من بنده بالای تو شمشاد تنم,فرهاد تو شیرین دهن خوش سخنم,چشمم به دهان توست و گوشم به سخن,وز عشق لبت فهم سخن می نکنم
283,هر گه که نظر بر گل رویت فکنم,خواهم که چو نرگس مژه بر هم نزنم,ور بی تو میان ارغوان و سمنم,بنشینم و چون بنفشه سر برنکنم
284,آرام دل خویش نجویم چه کنم,وندر طلبش به سر نپویم چه کنم,گویند مرو که خون خود می ریزی,مادام که در کمند اویم چه کنم
285,گفتم که دگر چشم به دلبر نکنم,صوفی شوم و گوش به منکر نکنم,دیدم که خلاف طبع موزون من است,توبت کردم که توبه دیگر نکنم
286,من با تو سکون نگیرم و خو نکنم,بی عارض گلبوی تو گل بو نکنم,گویند فراموش کنش تا برود,الحمد فراموش کنم و او نکنم
287,خیزم قد و بالای چو حورش بینم,وآن طلعت آفتاب نورش بینم,گر ره ندهندم که به نزدیک شوم,آخر نزنندم که ز دورش بینم
288,می آیی و لطف و کرمت می بینم,آسایش جان در قدمت می بینم,وآن وقت که غایبی همت می بینم,هر جا که نگه می کنمت می بینم
289,چون می کشد آن طیره خورشید و مهم,من نیز به ذل و حیف تن در ندهم,باری دو سه بوسه بر دهانش بدهم,وانگه بکشد چو می کشد بر گنهم
290,من با دگری دست به پیمان ندهم,دانم که نیوفتد حریف از تو به هم,دل بر تو نهم که راحت جان منی,ور زانکه دل از تو برکنم بر که نهم
291,ما حاصل عمری به دمی بفروشیم,صد خرمن شادی به غمی بفروشیم,در یک دم اگر هزار جان دست دهد,در حال به خاک قدمی بفروشیم
292,بگذشت بر آب چشم همچون جویم,پنداشت کزو مرحمتی می جویم,من قصه خویشتن بدو چون گویم,ترکست و به چوگان بزند چون گویم
293,یاران به سماع نای و نی جامه دران,ما دیده به جایی متحیر نگران,عشق آن منست و لهو از آن دگران,من چشم برین کنم شما گوش بر آن
294,یرلیغ ده ای خسرو خوبان جهان,تا پیش قدت چنگ زند سرو روان,تا کی برم از دست جفای تو قلان,نی شرع محمدست نی یاسه خان
295,من خاک درش به دیده خواهم رفتن,ای خصم بگوی هرچه خواهی گفتن,چون پای مگس که در عسل سخت شود,چندانکه برانی نتواند رفتن
296,مه را ز فلک به طرف بام آوردن,وز روم کلیسیا به شام آوردن,در وقت سحر نماز شام آوردن,بتوان نتوان تو را به دام آوردن
297,در دیده به جای سرمه سوزن دیدن,برق آمده و آتش زده خرمن دیدن,در قید فرنگ غل به گردن دیدن,به زانکه به جای دوست دشمن دیدن
298,ای دوست گرفته بر سر ما دشمن,یا دوست گزین به دوستی یا دشمن,نادیدن دوست گرچه مشکل دردیست,آسانتر ازان که بینمش با دشمن
299,ای دست تو آتش زده در خرمن من,تو دست نمی گذاری از دامن من,این دست نگارین که به سوزن زده ای,هرچند حلال نیست در گردن من
300,آن لطف که در شمایل اوست ببین,وآن خنده همچو پسته در پوست ببین,نی نی تو به حسن روی او ره نبری,در چشم من آی و صورت دوست ببین
301,چون جاه و جلال و حسن و رنگ آمد و بو,آخر دل آدمی نه سنگست و نه رو,آن کس که نه راست طبع باشد نه نکو,نه عاشق کس بود نه کس عاشق او
302,یک روز به اتفاق صحرا من و تو,از شهر برون شویم تنها من و تو,دانی که من و تو کی به هم خوش باشیم,آنوقت که کس نباشد الا من و تو
303,ما را نه ترنج از تو مرادست نه به,تو خود شکری پسته و بادام مده,گر نار ز پستان تو که باشد و مه,هرگز نبود به از زنخدان تو به
304,نه سرو توان گفت و نه خورشید و نه ماه,آه از تو که در وصف نمی آیی آه,هرکس به رهی می رود اندر طلبت,گر ره به تو بودی نبدی اینهمه راه
305,ای کاش نکردمی نگاه از دیده,بر دل نزدی عشق تو راه از دیده,تقصیر ز دل بود و گناه از دیده,آه از دل و صد هزار آه از دیده
306,ای بی رخ تو چو لاله زارم دیده,گرینده چو ابر نوبهارم دیده,روزی بینی در آرزوی رخ تو,چون اشک چکیده در کنارم دیده
307,ای مطرب ازان حریف پیغامی ده,وین دلشده را به عشوه آرامی ده,ای ساقی ازان دور وفا جامی ده,ور رشک برد حسود گو جامی ده
308,ای راهروان را گذر از کوی تو نه,ما بیخبر از عشق و خبر سوی تو نه,هر تشنه که از دست تو بستاند آب,از دست تو سیر گردد از روی تو نه
309,هرگز بود آدمی بدین زیبایی,یا سرو بدین بلند و خوش بالایی,مسکین دل آنکه از برش برخیزی,خرم تن آنکه از درش بازآیی
310,گیرم که به فتوای خردمندی و رای,از دایره عقل برون ننهم پای,با میل که طبع می کند چتوان کرد,عیبست که در من آفریدست خدای
311,کی دانستم که بیخطا برگردی,برگشتی و خون مستمندان خوردی,بالله اگر آنکه خط کشتن دارد,آن جور پسندد که تو بی خط کردی
312,ای کاش که مردم آن صنم دیدندی,یا گفتن دلستانش بشنیدندی,تا بیدل و بیقرار گردیدندی,بر گریه عاشقان نخندیدندی
313,گفتم بکنم توبه ز صاحبنظری,باشد که بلای عشق گردد سپری,چندانکه نگه می کنم ای رشک پری,بار دومین از اولین خوبتری
314,هر روز به شیوه ای و لطفی دگری,چندانکه نگه می کنمت خوبتری,گفتم که به قاضی برمت تا دل خویش,بستانم و ترسم دل قاضی ببری
315,ای بلبل خوش سخن چه شیرین نفسی,سرمست هوی و پای بند هوسی,ترسم که به یاران عزیزت نرسی,کز دست و زبان خویشتن در قفسی
316,ای پیش تو لعبتان چینی حبشی,کس چون تو صنوبر نخرامد به کشی,گر روی بگردانی و گر سر بکشی,ما با تو خوشیم گر تو با ما نه خوشی
317,ماها همه شیرینی و لطف و نمکی,نه ماه زمین که آفتاب فلکی,تو آدمیی و دیگران آدمیند,نی نی تو که خط سبز داری ملکی
318,کردیم بسی جام لبالب خالی,تا بود که نهیم لب بران لب حالی,ترسنده ازان شدم که ناگاه ز جان,بی وصل لبت کنمی قالب خالی
319,در وهم نیاید که چه شیرین دهنی,اینست که دور از لب ودندان منی,ما را به سرای پادشاهان ره نیست,تو خیمه به پهلوی گدایان نزنی
320,گر کام دل از زمانه تصویر کنی,بی فایده خود را ز غمان پیر کنی,گیرم که ز دشمن گله آری بر دوست,چون دوست جفا کند چه تدبیر کنی
321,ای کودک لشکری که لشکر شکنی,تا کی دل ما چو قلب کافر شکنی,آن را که تو تازیانه بر سر شکنی,به زانکه ببینی و عنان برشکنی
322,ای مایه درمان نفسی ننشینی,تا صورت حال دردمندان بینی,گر من به تو فرهاد صفت شیفته ام,عیبم مکن ای جان که تو بس شیرینی
323,گر دشمن من به دوستی بگزینی,مسکین چه کند با تو به جز مسکینی,صد جور بکن که همچنان مطبوعی,صد تلخ بگو که همچنان شیرینی
324,گر دولت و بخت باشد و روزبهی,در پای تو سر ببازم ای سرو سهی,سهلست که من در قدمت خاک شوم,ترسم که تو پای بر سر من ننهی
325,جز نقش تو در نظر نیامد ما را,جز کوی تو رهگذر نیامد ما را,خواب ارچه خوش آمد همه را در عهدت,حقا که به چشم در نیامد ما را
326,بر گیر شراب طرب انگیز و بیا,پنهان ز رقیب سفله بستیز و بیا,مشنو سخن خصم که بنشین و مرو,بشنو ز من این نکته که برخیز و بیا
327,گفتم که لبت گفت لبم آب حیات,گفتم دهنت گفت زهی حب نبات,گفتم سخن تو گفت حافظ گفتا,شادی همه لطیفه گویان صلوات
328,ماهی که قدش به سرو می ماند راست,آیینه به دست و روی خود می آراست,دستارچه ای پیشکشش کردم گفت,وصلم طلبی زهی خیالی که توراست
329,من باکمر تو در میان کردم دست,پنداشتمش که در میان چیزی هست,پیداست از آن میان چو بربست کمر,تا من ز کمر چه طرف خواهم بربست
330,تو بدری و خورشید تو را بنده شده ست,تا بنده تو شده ست تابنده شده ست,زان روی که از شعاع نور رخ تو,خورشید منیر و ماه تابنده شده ست
331,هر روز دلم به زیر باری دگر است,در دیده من ز هجر خاری دگر است,من جهد همی کنم قضا می گوید,بیرون ز کفایت تو کاری دگراست
332,ماهم که رخش روشنی خور بگرفت,گرد خط او چشمه کوثر بگرفت,دلها همه در چاه زنخدان انداخت,وآنگه سر چاه را به عنبر بگرفت
333,امشب ز غمت میان خون خواهم خفت,وز بستر عافیت برون خواهم خفت,باور نکنی خیال خود را بفرست,تا در نگرد که بی تو چون خواهم خفت
334,نی قصه آن شمع چگل بتوان گفت,نی حال دل سوخته دل بتوان گفت,غم در دل تنگ من از آن است که نیست,یک دوست که با او غم دل بتوان گفت
335,اول به وفا می وصالم درداد,چون مست شدم جام جفا را سرداد,پر آب دو دیده و پر از آتش دل,خاک ره او شدم به بادم برداد
336,نی دولت دنیا به ستم می ارزد,نی لذت مستی اش الم می ارزد,نه هفت هزار ساله شادی جهان,این محنت هفت روزه غم می ارزد
337,هر دوست که دم زد ز وفا دشمن شد,هر پاکروی که بود تردامن شد,گویند شب آبستن و این است عجب,کاو مرد ندید از چه آبستن شد
338,چون غنچه گل قرابه پرداز شود,نرگس به هوای می قدح ساز شود,فارغ دل آن کسی که مانند حباب,هم در سر میخانه سرانداز شود
339,با می به کنار جوی می باید بود,وز غصه کناره جوی می باید بود,این مدت عمر ما چو گل ده روز است,خندان لب و تازه روی می باید بود
340,این گل ز بر همنفسی می آید,شادی به دلم از او بسی می آید,پیوسته از آن روی کنم همدمی اش,کز رنگ وی ام بوی کسی می آید
341,از چرخ به هر گونه همی دار امید,وز گردش روزگار می لرز چو بید,گفتی که پس از سیاه رنگی نبود,پس موی سیاه من چرا گشت سفید
342,ایام شباب است شراب اولیتر,با سبز خطان باده ناب اولیتر,عالم همه سر به سر رباطیست خراب,در جای خراب هم خراب اولیتر
343,خوبان جهان صید توان کرد به زر,خوش خوش بر از ایشان بتوان خورد به زر,نرگس که کله دار جهان است ببین,کاو نیز چگونه سر درآورد به زر
344,سیلاب گرفت گرد ویرانه عمر,وآغاز پری نهاد پیمانه عمر,بیدار شو ای خواجه که خوش خوش بکشد,حمال زمانه رخت از خانه عمر
345,عشق رخ یار بر من زار مگیر,بر خسته دلان رند خمار مگیر,صوفی چو تو رسم رهروان می دانی,بر مردم رند نکته بسیار مگیر
346,در سنبلش آویختم از روی نیاز,گفتم من سودازده را کار بساز,گفتا که لبم بگیر و زلفم بگذار,در عیش خوش آویز نه در عمر دراز
347,مردی ز کننده در خیبر پرس,اسرار کرم ز خواجه قنبر پرس,گر طالب فیض حق به صدقی حافظ,سر چشمه آن ز ساقی کوثر پرس
348,چشم تو که سحر بابل است استادش,یا رب که فسونها برواد از یادش,آن گوش که حلقه کرد در گوش جمال,آویزه در ز نظم حافظ بادش
349,ای دوست دل از جفای دشمن درکش,با روی نکو شراب روشن درکش,با اهل هنر گوی گریبان بگشای,وز نااهلان تمام دامن درکش
350,ماهی که نظیر خود ندارد به جمال,چون جامه ز تن برکشد آن مشکین خال,در سینه دلش ز نازکی بتوان دید,ماننده سنگ خاره در آب زلال
351,در باغ چو شد باد صبا دایه گل,بربست مشاطه وار پیرایه گل,از سایه به خورشید اگرت هست امان,خورشید رخی طلب کن و سایه گل
352,لب باز مگیر یک زمان از لب جام,تا بستانی کام جهان از لب جام,در جام جهان چو تلخ و شیرین به هم است,این از لب یار خواه و آن از لب جام
353,در آرزوی بوس و کنارت مردم,وز حسرت لعل آبدارت مردم,قصه نکنم دراز کوتاه کنم,بازآ بازآ کز انتظارت مردم
354,عمری ز پی مراد ضایع دارم,وز دور فلک چیست که نافع دارم,با هر که بگفتم که تو را دوست شدم,شد دشمن من وه که چه طالع دارم
355,من حاصل عمر خود ندارم جز غم,در عشق ز نیک و بد ندارم جز غم,یک همدم باوفا ندیدم جز درد,یک مونس نامزد ندارم جز غم
356,چون باده ز غم چه بایدت جوشیدن,با لشگر غم چه بایدت کوشیدن,سبز است لبت ساغر از او دور مدار,می بر لب سبزه خوش بود نوشیدن
357,ای شرمزده غنچه مستور از تو,حیران و خجل نرگس مخمور از تو,گل با تو برابری کجا یارد کرد,کاو نور ز مه دارد و مه نور از تو
358,چشمت که فسون و رنگ می بارد از او,افسوس که تیر جنگ می بارد از او,بس زود ملول گشتی از همنفسان,آه از دل تو که سنگ می بارد از او
359,ای باد حدیث من نهانش می گو,سر دل من به صد زبانش می گو,می گو نه بدانسان که ملالش گیرد,می گو سخنی و در میانش می گو
360,ای سایه سنبلت سمن پرورده,یاقوت لبت در عدن پرورده,همچون لب خود مدام جان می پرور,زان راح که روحیست به تن پرورده
361,گفتی که تو را شوم مدار اندیشه,دل خوش کن و بر صبر گمار اندیشه,کو صبر و چه دل کآنچه دلش می خوانند,یک قطره خون است و هزار اندیشه
362,آن جام طرب شکار بر دستم نه,وان ساغر چون نگار بر دستم نه,آن می که چو زنجیر بپیچد بر خود,دیوانه شدم بیار بر دستم نه
363,با شاهد شوخ شنگ و با بربط و نی,کنجی و فراغتی و یک شیشه می,چون گرم شود ز باده ما را رگ و پی,منت نبریم یک جو از حاتم طی
364,قسام بهشت و دوزخ آن عقده گشای,ما را نگذارد که درآییم ز پای,تا کی بود این گرگ ربایی بنمای,سرپنجه دشمن افکن ای شیر خدای
365,ای کاش که بخت سازگاری کردی,با جور زمانه یار یاری کردی,از دست جوانی ام چو بربود عنان,پیری چو رکاب پایداری کردی
366,گر همچو من افتاده این دام شوی,ای بس که خراب باده و جام شوی,ما عاشق و رند و مست و عالم سوزیم,با ما منشین اگر نه بدنام شوی
